Bio,Following,Followers,Location,Website
"Providing Entertainment & Travel to Commercial Radio. Reaching 28.9M weekly listeners. Winners of The Arqiva National Sales Team of the Year 2010, 2011 & 2016",456,136,"London, England",https://t.co/aJKvkwp2dG
Translate bio,4,5.5M,California,https://t.co/ku2ShnxNRC
@aacb_CBPTrade,124,44,Customs Broker,Not available
A & A Freight | Warehousing | Customs Brokerage | Helping people ship across borders.,"3,889",700,Worldwide,http://t.co/laZo1M99c7
A commercial glass and glazing company serving the window industry in New England since 1954.,88,82,"Malden, MA",https://t.co/UrYUiEDwWi
"A&B Kia is a Kia dealer in Benwood, WV. Stay connected to exceed expectations. Build strong relationships. Drive the best with us.",333,298,"Benwood, West Virginia",http://t.co/H1m1Bi9YHp
"Industry leader in wholesale home decor, furniture, and garden, since 1993.",178,367,"Rancho Cucamonga, CA",https://t.co/2lx3XxMZio
"From large format black & white prints to the most sophisticated of digital color printing jobs, A & B can get the job done right.",123,134,"Bentonville, AR",http://t.co/zyISURRqvP
Not available,Not available,Not available,Not available,Not available
"A & C CHRISTOFI LTD is a fast growing professional services company based in Limassol, Cyprus. Our main Concern is your Business.",291,93,Cyprus,https://t.co/msJpvYtuAt
Used Clothing Distributor,0,17,Carteret,https://t.co/sIZNy1TeMH
Not available,Not available,Not available,Not available,Not available
@AETechnologies1,1,34,"Boulder, CO USA",http://t.co/eMS6qX752b
Create, manage and grow your business online with Wix. It’s more than just a website builder, it’s how your vision comes to life. For support:,"3,726",414.9K,We're everywhere!,https://t.co/vzQPGJokOE
"A & G Insurance prides itself on being your local, full service, Independent Insurance Agency.",257,100,Connecticut,http://t.co/qDF7dVozxt
